{"00298a6f5986c660927d8f4512948c16":"Debit Card EMI","004e742083bbce2e0f618609c8f2c8e8":"Max length is {n} Letters should be in upper case.","006c36cb886999d75175f3fcafabd9d4":"It should be {range} letters or spaces.","00839f302f395223cc6e1d5a7a63d2a1":"No coupon used","00d5b4721a4b0a8f2094d3093a817178":"The following checks will be conducted on your old smartphone","019d1ca7d50cc54b995f60d456435e87":"Used","02105a07a94168f08bc047ef456affab":"Spare parts price","0212e862c56c9fe33a0e92077f8a6f3c":"By placing an order, you have read and agreed to Mi.com's {signInLink} and {signInLink1}.","02a4ecbbc2d936231663c1b3255ba137":"This payment method is not supported","02b0b795f3176dbdf856a102973672d8":"Tracking number: {number}","02b2765a52440b72f7f6a3356d06e962":"Rs. 50,000 or more","02d4482d332e1aef3437cd61c9bcc624":"Contact us","03727ac48595a24daed975559c944a44":"Day","038887993bfe6430af0739c32d72b6f3":"We are having some network issues, please try again.","03c2e7e41ffc181a4e84080b4710e81e":"New","04905ffae7aaef37c34c76e18088f377":"Remboursement","05333e1cf77bd0826f44556e1a67066d":"signing in","0566c61724af1419bd808a54a8357dd3":"S/N of the device","05b0f5c775e17d73547de7801423ef5a":"LOADING...","05de1fa1fd62bf5969cfe57dab15adfe":"More answers in our Shipping FAQs »","05de75a7da48ba57457839074924c44e":"Click the product for more spec details","060bf2d587991d8f090a1309b285291c":"Check","061a7eaded0f27795076de5b47f6899a":"Please enter the email","062f08287a44e60c135670f8cfe6ec1c":"Please enter the verification code via SMS.","068f80c7519d0528fb08e82137a72131":"Products","06ce260e7088044f7ca4597cf865214b":"Value: {totalAmount} (Exchange: {amount} + Bouns: {subsidyAmount})","07016015eb9d29c91351c42ff7d8aea8":"Warranty policy","07cbf47da7ec8f88433866dc9dc99eb3":"Are you sure to unsubscribe the email notifications?","082d2439cdaa4d8678ada23eaa71db81":" I have read and agreed {signInLink}.","0948e04166f2a0236ec1747ef63e5bf6":"Start in {countDown}","09932b9789b7f49641b2ac5c4e2da18a":"Email verification code","0a59f7d698e7fa553993d16dc5d2faeb":"All day","0a73442481ebe3c574e94a90bd3b8b59":"Biling address / GSTIN","0a8ecb23394ba2095c98de265555d767":"Enter information","0a9ddb192e24113d0397ad7dc6bd9cca":"Search “Support”","0ab148bc5330be2d1b415b14eb60bb7a":"It should be 2-17 letters or spaces.","0ae9a32d2d9f0fd310da41e88ba7629c":"USE F-CODE","0b4db271fc4624853e634ef6882ea8be":"View all","0b6b3d86d4898ea12e628d6592ba9190":"Weibo","0b80bf1efe8d3b2eedf658b2b2d07d27":"New product follows success, we'll notify you once the product starts to sell!","0c1eb0c3f056bfc92a434da24a043e6c":"Mi ID Settings","0c421bdacc88d55906a6591ee10ee284":"Credit Card EMI","0c4a3f40896fbbc014e96b43b085f497":"Return Policy","0cff98f67b2d3ac3874ac61b691c356b":"F-code List","0d42de78cb5cf56ce64b257941ebf905":"Town/City","0d9175fe89fb80d815e7d03698b6e83a":"Gift","0dcfdb3caf2dcc0998f250e9aba65cee":"Tax","0dfac80035a0c4019720c5188deb8ff1":"BNP financing application conditions {link} view more {link}","0e1ebe05c06d33773dfc08b77fec0bc9":"By placing an order, you have read and agreed to Mi.com's {termsLink} and {policyLink}.","0ea885f2c1d090102da45dfdd62f3766":"Please finish this payment in {countDown}","0ecc08f9bca8d18fba3c972a0d972bb3":"Disagree","0ef4dffd7767ffc6461bed128fc1937d":"No results. Click the tabs above to see more or try a different search","0f78b20318b5aef4dca6dbae5051960a":"Suggestion","0f7ba54bc858e12aad63bca5d249a93e":"Report incorrect answers","0fd4cfd7ed93a83e7cc9f19d31783750":"Smart Home","0ff81b1f70fac690864a6947204e585c":"GSTIN Code*","104d9898c04874d0fbac36e125fa1369":"Discount","116d94712cd388cebe7a5fc63426b7d6":"Term of use","11bbb101e0f4df267037d9f705a469c4":"More recommendations","1208c5dabccff2e512ee100240e40da2":"Insurance can free you from damage.","124117dd22bc1dce2b0687b65f35f091":"You may also like","12acb1a0f9f00d4b1cbd80335dcd6fcf":"Please add your email in Mi account","132b973cade63f26670b22ad0c1b429f":"View order detail","13348442cc6a27032d2b4aa28b75a5d3":"Search","14237da7384e90f1d1c1052c2c2803e3":"Xiaomiu00a0careu00a0screenu00a0protectionu00a0terms","143c96ce28ce6761f638a4f754a2b10c":"Please check and fill in all the required information","144a9b9ac22d08c84e14aec56ac710a1":"After-sale policy","145442a9d182f8f20f7ad05a17300eb5":"Importer's Details","14f6c7d1dd00197981c111b5b493784c":"Choose another location to see content specific to your location and shop online.","156e132b014314b1eae89410e54bcc8c":"Wallet","157f02d60d8ae537a897eda92f0def07":"please choose product category","15aa4a3474960579a4400bb355b75307":"{n} voucher available","15fd4a069592ef100565a7bb257cfc62":"Agree And Confirm Purchase","1691578e91bc2625490fe13ce63ea8da":"{n, plural, one {# second} other {# seconds}}","16bfbf9c462762cf1cba4134ec53c504":"Loading","16d2b386b2034b9488996466aaae0b57":"History","176fbae6bd6e96e997fe51f2daac653b":"Repair process tracking","17705fd95f604cd28475789279477c4b":"Price Detail","1771b8284280660537e3e533f88af3b2":"Nickname","178af2f041c7d4bf2413536242c6d487":"Sorry, EMI service is only available for specific products or amount.","1797aff85d9d7347e1ab667b12f288cc":"1. The conditions for using points to cash out are: My points can only be redeemed when ≥ 1000","17df4b8cb48a09f60655a0662ed70534":"Please chose required information.","19472164014d15bc3e46ffa45e9fe833":"www.lamiarichiesta.it","195917574edc9b6bbeb5be9785b6a479":"Checking","195fbb57ffe7449796d23466085ce6d8":"May","19d441fd29238fbbfdb91ac275216db2":"Latest arrivals","19e8081cec356b29e156373a057d62dd":"The default version products will be shipped if no selection version in the bundle.","1a352e22db7cf945abb97031b9f40b0e":"Thank you for getting in touch with Xiaomi customer service! How can we help you today?","1a3fb354ee29f20f3ca8e76b0844a2cd":"What's in the Bundle","1a89e7d25c275ea90f6bd76c72c6701e":"Use now","1aec9c5d0644e11fd9dd0f9fb36009fb":"used","1b08b3f8d232598918f43ace6e44055c":"You've reached the limit of maximum words. Please check and submit again. Thank you.","1b41223cf82c5f4103abbb22aa901b20":"All updates","1b498eaafc20a6c7d28810c82c493eba":"Pay Now","1b539f6f34e8503c97f6d3421346b63c":"July","1bd14f0de84c8e282a7e898c347f9ae1":"Official FAQ","1cedc5cfd6f3e00c0c4ef1abd55228a2":"Store Card Details","1d54c64947b6e363bbf9a9e2bfa659eb":"Mi point FAQ","1d59c4ce9c580171983c53fd6e06d56c":"Messages are sent too frequently","1dd1c5fb7f25cd41b291d43a89e3aefd":"Today","1dfe086ced73f3f02655622e24dc2fa2":"The installment service is provided by Oney, and the final price subject to Oney. I have read and agree their {policyLink}.","1e0900a8ba21265ef16d2a4fd8536573":"Expiry {time}","1e29bad355f1cfa78a1e07eae2031109":"Pincode at least six number","1e717139681898b52fa9c39482de3bb3":"Save {price}","1e87551e78f3c2bd5e7d6b86ee42716c":"You can get discounts on orders","1e884e3078d9978e216a027ecd57fb34":"E-mail","1eaa9d370d0c156af90faa15c59e8622":"Please select bank","1eafd418211b7a28fe14f11b4e561c07":"High frequency FAQ","1efd5a4cb7e8b445ad239f0226526c5f":"Lifestyle","1f4a3ca12b1c9b46ba2bc70747de0603":"Agree","1f8261d17452a959e013666c5df45e07":"Phone number","1fb103afe92d693ae23d0463b185a9a7":"Go!","1fbc7e5f1b92c7ec072397b59a0bb5da":"Billing address","1fd3281c981e4608f951f980b7b8bf27":"Total: ","1fe917b01f9a3f87fa2d7d3b7643fac1":"FAQ","207e0b68fea26d73f6b776f50e8c6ab5":"Please enter required information","20db0bfeecd8fe60533206a2b5e9891a":"First name","2113db9377bffc31b770dd70320c98ba":"You've selected a product to redeem. If you want to redeem another product, please remove this one first.","217ca3b4fc6bc288126e28c83a8f459f":"Use f-code","2194aaec8cc7086ab0e93f74547e5f53":"Subtotal","219bacf784430903bfdb3bf53374f6a0":"Please finish this payment in","21cd19ec2a37c7273fdf56b80dd1f29e":"Recommended for you","22b653bd8d2edcebb9e0036b4ac79262":"Go back","22e127b4f1fc24b8e19ec0ee4a8a44d7":"It should be email format, max 40 characters.","22f9baaaed2fc5b80a881b18f19397f8":"Special F-codes for friends","23516fa7d273580295488652417f4ae9":"Your card information is stored in an encrypted version with the authority Card Scheme. Encrypted details are stored just to facilitate your next purchase and to save you time entering card information. We do not store your CVV.","23f6791b63410341e0d7b92c4cef4deb":"After-sales assist","2491bc9c7d8731e1ae33124093bc7026":"Twitter","24fe48030f7d3097d5882535b04c3fa8":"Received","252c7509ed909762f76ff46354da7418":"Balance: {price}","2534d68950d3393d1e80b944469b962d":"Xiaomiu00a0careu00a0accidentu00a0protectionu00a0terms","25445cdc30fcaf73959a08db05ec20a1":"Interest paid to Bank","258f49887ef8d14ac268c92b02503aaa":"Up","26b3bb7bcea37723dcea15254b14510f":"Cookie Policy","270d16195555d79ecfb699b392ee1799":"It should contain {range} digits or letters.","270f3e8e84a5759fa16371d70e176f65":"The way you prefer to get response","27570d841ef92871c5a3657ac78b0aa1":"Check the price of parts","27635ceede7b459781bbcccc3e04f632":"User manual","27ce7f8b5623b2e2df568d64cf051607":"Stock","27e38dd3571d45f53060d74ff352ccdc":"Email Support","28ad62ba9143957ce05320dc64dfb98c":"Give us your opinion!","2a4ef2e8c8c55e1589111759210139c3":"Billing address / GSTIN","2a555e0026b873dff7c90c0893ab851a":"Select Free Gifts","2a99cdc987cfa6841be0a19b8cc7f1ca":"Please note: The actual amount of the order payment is ≥ € 3,000 and the tax identification number must be completed.","2aa582ed68c8721043877b5ca3ffd5a1":"Annual rate of interest","2ab8215470fc4da9c247f9587831765a":"Please enter  your Phone number*","2b29db02a72271ffbd9cdc69597a4150":"Xiaomi Service Center","2b31634e3cfef1bfdd7d0d2cdfdc3f9d":"Collapse","2b59bbfc9d431d23f4564d01b0182808":"Announcements","2b662fb90ab1a62d748ffd258fd86264":"Reward Mi","2b84ac8a2d375daa37d07308c399d35d":"{price} consumption tax","2ba6d1a61e0869f6b53c68dc3ecfc127":"Apply with Barclays","2baa939194899bdf6708a1e7dfd2e04c":"Please enter your valid VPA","2be42fd4be6ed9b1a5605508a4bbcd72":"Please enter your Phone number*","2c639777d015e86f9d25cf998086e2c8":"{n, plural, one {# item} other {# items}}","2ca339e8a9c005655ce04c6f03793b2b":"It should contain 2-35 letters, digits or spaces.","2d3abe5d7504038b4f82e2ccb4b60722":"Monthly Installments","2d5ce426423eeeead4f35769cd8b1b27":"Step 3","2db96a3bb561f2f2560dde44038992e3":"Biliing address","2e21e83375deefc4a3620ab667157e27":"Address 2","2eed8c3bd22b0dee03e3f18ba58b39bb":"Expected delivery date: {startTime}","2ef96d8cd04c6b8bcd009df6a398f954":"E-Mail Support","2f67e7cc426de0e154863fdf9b38c878":"No voucher used","2f6b0e4e5a8011004c129ee6618ddca8":"{price}","2fbbdd117a505742adb8b7c27cc8f6f5":"Payment steps","2fd4c1849c5738f80af857981cf7f973":"Interest paid to the bank","2fd838783e5c81cf9f1910b486261e26":"Carriers which support eSIM on your Xiaomi smartphone","2ffe4e77325d9a7152f7086ea7aa5114":"max","303398124a0c64ef74832f12bf9cc731":"All other banks","3049dacdbd8857b7f0d88d05364916bd":"Not now","30b88b85784b34afdb17dac9ea09d6a9":"Get verification code","30f6f085e87a0f5ccc59deb370cbc0d3":"Xiaomi smart device","31282741058021fde09401e286af2655":"No delivery selected","313fe69e4347adc06fcb9c7fb81dafa9":"(Deposit)","31e0ed7b17c9159e0fcc1401de29850e":"Start and track your repairing process","32007310e9fdb94ba502deecd26c4f0f":"Please confirm you will remove it from your list","32036eecb1e38fd84aef103c1a0a1850":"After sale service","32df9f76cbc099199d39183a9dd03b2a":"Continue anyways","335cb727d2e72d34f9eb3e88da3a791a":"The company invoice is not available at the moment.","339f7a2e087a159e6a31501649027a77":"Homepage","33a78e5d43246b638420d0bca79ab6ca":"Remember this card for later use","33da609c0161fc1c958ced5b4a82541d":"Xiaomi store Privacy Policy","34e2d1989a1dbf75cd631596133ee5ee":"Video","353eb0b68b6fc0ff6ebd805f8503d0b1":"Lifestyle Related Support","35587f2e0a959bbbe5b671319a6af05f":"Go to Mi Account","35aa61464f5d0ada1f72ffb5e3f5c2c1":"F-codes are granted to MIUI forum moderators, Mi Community administrators, Mi Fan Club presidents, and more! It's how we reach out to super hardcore Mi fans around the world.","35b47c0121c6098a693bb7948029a7f5":"2. Upload the documentation requested by Cetelem within 24 hours.","35bbd8ca8a2b19abb7c70765bebd182a":"Struggling? Let me help!","3601146c4e948c32b6424d2c0a7f0118":"Price","3625cdf19abd4ec330b3db80a9d03c50":"Product category","36270b95ff845f08050f5417a8df45b1":"At least 1 item","3742f11cbbf4e440bd663be33168201b":"Early-Bird Price","375e08625a2c38089b9e3a60f0e68325":"Sign Out","3809b41c110a9b4e3e33e6a60237be24":"Cost of out-of-warranty repair","3823f047b59068ecbf5cc64987bb24f5":"Add promo code","38563dee8ec9b2588c22dd3d4686c5aa":"Back to homepage","3899320e213423334744b12bf882a0be":"No gift cards","3903aab323863bd2e9b68218a7a65ebd":"Follow","397f8bd1acf48dd2afd008d550184616":"Concern","3b1ba25d9545ceca74c7b8c18bc36feb":"Bundle detail","3b50b1471009d9f4f46b0b985db8441e":"Latest lowest price: The lowest prices are updated in real time within the last 30 days. Update might be slightly delayed.","3b8769d187c6c3306c50729bc43a9903":"No results.","3b878279a04dc47d60932cb294d96259":"Overview","3ba0069882ea233eea88f2f2f43fbc88":"Pre-sale","3bb755b81eff6eb56ed371ea2dbf58ba":"It does not meet the using condition","3bbdfc7e6d7333989b094a67ddee0cf2":"The installment service is provided by third party provider  We may share your personal information with ayden. Before using it, we recommend that you read Ayden’s Service Agreement and Privacy Policy carefully.","3be99a3fa1e9f9076473e2d222de2b8a":"From {price}","3bef4fc5555fa9c8fd7b386225f91a74":"According to the local tax policy, your fiscal code must be recoreded in the facture.","3c61051f16d1caf9c73c899ce157bab2":"Xiaomi({local})LTD order#{orderId}","3c627add70103df7da586f25c214a749":"Enter verification code","3c8f15e105bae9ba6adda427f15edcea":"The card has expired","3cee20005bec8a36ea669f50db2c1d75":"WHAT IS F-CODE","3daf472ccc852c52252621757555abe0":"You didn't subscribe","3dd42bfc8345e82c43b4a40a3426ec49":"Reference:","3eabdd3dc9f018c312059d930c7984ff":"After-sales FAQ","3eba0a8f3356b9d9c3059dc7859fd4f5":"Return Policy","3ecea1e6a873a972df044ac6b85e64d2":"・What is the requirement for financing?  {learnMoreInLink}\n・You'll need your bank details at the ready and you'll be asked to fill out a short but straightforward form. Once you've submitted your form, you'll receive your decision.","3efc37de533d6a03e83dd3cc7f74ca0f":"Mi Points","3f12e9f9824338e2d3be92b0e6703189":"EMI Tenure","3f1cf8ca3c072044ef83482bcaff5b8f":"{points} million","3f5beef6a3ee1cf96d5a2fdfde7ececc":"All free gifts have been given","3fcf026bbfffb63fb24b8de9d0446949":"April","400b07623925470b21ca55c3ce9913f4":"APR","40423100863d5da2037ac767d7a5d175":"Click on a product to view details","40dec546414c1ebdfde8d9858f0938c3":"All products","40e13bb24a93c1fb6509ae73fedebd54":"","40e84d3652d88208b45d1da36caf22cf":"It can be used to buy any item on Xiaomi website.","416dba400d9a60fd166258fe72014662":"EU declaration of conformity","41954b70e733528e07ba8cf0123963d4":"Available for all products","41ba70891fb6f39327d8ccb9b1dafb84":"August","41de6d6cfb8953c021bbe4ba0701c8a1":"Messages","424677400013ba67cc26b70c3e507374":"Explore More New Products","42c7307a0b3f7961d2acbf1a58036323":"Please tell us why you cancel the subscription","42e267bf34102f5eca89a7a2be470437":"Reduce the quantity","43781db5c40ecc39fd718685594f0956":"save","44749712dbec183e983dcd78a7736c41":"Date","44b97d9746b226e6c73a46b210a1f9eb":"Official manual","450c8f4757cfedf5a3b1ca28a6d0e084":"Apply voucher","453348eb12935595ec273e56bb777f10":"I have read and agreed {signInLink}.","453e6aa38d87b28ccae545967c53004f":"Unavailable","4562c65945c402ed285be78119e95516":"Does it help ?","457dd55184faedb7885afd4009d70163":"Review","45b900564c24a81f44e176fbf9da0836":"Please call the store in advance to confirm product information","45e96c0a422ce8a1a6ec1bd5eb9625c6":"Select All","462b982f58ba93a18f3038ee1c2aa647":"Estimated delivery time","464de1f5ff1f07825171dc876c3a87f5":"Down to {count} products can be entered","46ebf6047dc0118b87d50f74544db59a":"Insurance additional information","46f3ea056caa3126b91f3f70beea068c":"Map","4769e3dcec17cd40f007f4d266b8ff23":"It should be {range} characters, digits and spaces.","4803e6b9e63dabf04de980788d6a13c4":"LINE","481284ff51bad8b05b1e841910e1fd3c":"Max {buyLimitCount} per order","482dc98333aef2f4f1e56f543a11a96e":"Price statement","483a5da192f46e3cfe8391d3ef234fc4":"FAQs","48fa6c88a7a8cd88267dcdd5285a439d":"On Sale","495b52648df35372b3d825cfad99ed2b":"Please enter a valid tax individual number.","4965e9e891c3381d1ec7379f036131de":"Date of birth","497b182310044722a7ccaf01e8b13ac9":"Interest charged","49ee3087348e8d44e1feda1917443987":"Name","4a1eb65c21e2f2d2c7d0205dc8d2a62a":"I have read and agree to Xiaomi's {link} and {privacy}","4aad410d9af05f3d481b5d7b55d086e6":"Selling Price: ","4ad3a59316d9d4d21bb1da78d142d335":"It should be {range} characters.","4b2c8ffbdc9c298e45c5416da03bde60":"2. Total tax liability (TDS and TCS combined) in each of the previous 2 years referred in (1) was:","4b758b36134f5a46ea6f41904f4ed93e":"CVV (Optional)","4c41e0bd957698b58100a5c687d757d9":"Select all","4d626ea8dd139080890c1d2c530637bb":"Change order address","4d8af07955230e8cf1f5dffbbbfb41eb":"Enter pincode to check delivery options","4daabb54ea41304e1e128ec3e32d5676":"Offer Details","4de70f80016440f94ea9790d7777dd6a":"Card Payment","4dee8995b84b5d2a6d36667b6ca82b45":"Exchange Coupon","4df757d0fb1fa54e4b84283d2c90efe9":"Manufacturer's Details","4e04a590ebee4f45e699ed0a71701967":"Tax number","4e11db406c6c9f234fe8579cc9bc5ef6":"Saving","4ed5d2eaed1a1fadcc41ad1d58ed603e":"city","4f2df4c330b8df125a3d75f2d69a9b5e":"Send OTP","4f8956733dc29fd319864b50262dc005":"Please input your name","5030551cd5ca2f5644f3d4e00ff6eba7":"COD","5068c162a60b5859f973f701333f45c5":"Tracking number","50d9031a54ba6b420878328e02c1f28c":"The character limit is 60 characters (double-byte) or less. Please enter again.","51359e8b51c63b87d50cb1bab73380e2":"Policy","514cf52f77d9eaa44479cd75b8f5b5ae":"Follow our official Facebook, Twitter and Instagram channels. Pay attention to our post details and you might stand to win F-codes!","516581a2ce920b9bc16a9c5004a023b8":"Xiaomi","51691054f9863d4f1c17012ab355abe3":"Step 2 balance:","518d3c5f9fda92644229e383ac9ecce2":"I've agree to {link} and {account}","51ca438bf188a39b5b394e8e7792bb8d":"Quantity: {num}","51dc2973e41560350b2a19213d243faf":"Xiaomi Stores","51efa8f7857245b0bc8a5af3624fdb60":"Sorry, there is no corresponding search result, please re-enter","51f377b830737ebc60c6e4293760f455":"Check Out","52127abe659dfec1e5d8ccb197779eb7":"Please enter the nickname","5257bb3e68db10ba6ae1a2395d864448":"IMEI of the device","52e332b097ae379d607350c2f8eb2d16":"Failed to modify address","5317d8301a0d050d37cdcf05fc6bbe0e":"About Xiaomi","531a8a66d0b3c93751f031c726f2e708":"We will send you our marketing emails about news and promotions.","5334adc9239e433bb6968cf35b13a589":"Prepaid Promo","537c66b24ef5c83b7382cdc3f34885f2":"Year","53aad639aca4b5c010927cf610c3ff9c":"province","542705894e0e6296455cf7e853feef8d":"It should be 16 letters or number.","5496a81d145ee0c172e6c616cabbf89c":"Copy failed","54f0f4b400144784dca96aab925d9aba":"According to the delivery address you choose, we will display the self-service pickup address within 10km","550aafdebf8613f7bd95fd976acfba04":"eSIM is supported by Xiaomi smartphones listed below for applicable carriers. eSIM availability may vary depending on country/region and carrier. Please check with your carrier if your mobile service plan supports eSIM. See below for a list of countries/regions and carriers with eSIM support for each Xiaomi smartphone. The list is subject to update without notice.","553937be8341b9d88b8ac1a75a753fc5":"View shopping cart","56955274f7c3e0cda19fae97f7f21569":"Commonly asked","56c34c6410dd45c5cec44149ad0ce037":"Privacy policy","56ee3495a32081ccb6d2376eab391bfa":"Listing","5706de961fb376d701be6e7762d8b09c":"Waiting","572f5b30d9925e88625163a27cb7151e":"It should be email format, max {n} characters.","576242929f79697920e66656a02c2463":"No voucher","578249703db1d8455b6367555bebb9d1":"Smart device","579ddf5307c90b48de462707ebc0db78":"Start a Return Request","57d056ed0984166336b7879c2af3657f":"City","57f86d68b524a55fa39ffd166c308a00":"Please try again!","5813ce0ec7196c492c97596718f71969":"Sitemap","5861a920f77f6da01e1748a205b3ea5b":"Up to {count} products can be entered","588907ab2d492aca0b07b5bf9c931eea":"On sale","589e986ff633654d627228aee1c089bf":"Is the issue related to the device you already purchased","58abf574891f2d807b15a91320b46b78":"Name on Card","59029bd3cc03d78f88d9281020df8cf4":"Follow Mi!","59086e95676f4e17bc7b8923f6fe40f1":"Post Code","59a6ee723623dca3c7004ac889e58188":"2. You can use Mi Points to deduct a minimum of EUR 0.1 per order, and a maximum of 20% of the product price (after discount) in the order (Mi Points cannot be used to offset costs. Shipping costs).","5a709185b39b28ffe1cf077bd600282f":"View financing application condition.","5a750f86ef41f22f852c43351e3ff383":"Verify","5a95a425f74314a96f13a2f136992178":"Share","5a99ae8e6669187b75692ffe64097430":"Xiaomi Service Center","5ab2a936ac059748f9ea09f852e2e98d":"A network error occurred. Please check your network settings.","5abc7a3ac0ae1545cc801303727f53da":"Expiry Date","5ac2119f318eaad0c139c729c78eba5f":"Sign in / Sign up","5afcfb2bc1df9072db7003bc60cb108b":"Xiaomi Support","5b0aa8de8e10d55787a443d58c956aa6":"{n} exchange coupon available","5b2ef9013a01ec6406057803bbf3d0a5":"House number and street name","5b5c8f7ce233cbb6ada8dc0ad91274f6":"It should be a 5-digit number.","5bac91345f685a3fff94f9f08caadeb1":"Xiaomi stores","5be8b098f9b79cf3b18767ffc5ecd169":"Preorder","5c746d25ca2803eb8df68babb1e06489":"Same as delivery address","5c7939722ac91f302dfe6c67178577b2":"Please fill content here","5cdc775d0e382c464bdb336c10dc024c":"Terms \u0026 Policy","5d1b5953daf6c647f274c141d76545ae":"Invalid promo code","5d5cd268b8acccf04f63d81c5d0d2cab":"View Details","5d88df77aef2c1a9b40cd1ccc5a86ebc":"Please enter the email verification code","5e0c3d6cdb6cfa3076d2dc130e301f48":"Pay now","5e2f8ee473fdebc99fef4dc9e7ee3146":"Recommend","5e60ac8e838ce366dedfd6ff870961b8":"Don't see your device here? Go to shopping any smart devices in {link}","5ea2472056ffc7243122edae911e3dd3":"Your pin-code {pinCode}","5f5b28225f680656586a59f6b8037b68":"Please fill in the correct mobile phone number","5f814afaa289016a673c52c8a90251e9":"Select a plan","5fb63579fc981698f97d55bfecb213ea":"Copy","600dc1d78b08ce1ed5832b3ea120ccf7":"Click here to retry","60a104dc50579d60cbc90158fada1dcf":"CVV","614556db0e040ed38d48e9c1a5c593e1":"Not start","615c76d0dedc06c89a137dcbffb535ed":"Order number: { orderId }","6243ccca26316e79648b713d28e00978":"Turn on Mi Store Notifications","62cb74a2d8d475796bde3dfc7034cfa1":"The number of shipping addresses must be less than 100.","6311ae17c1ee52b36e68aaf4ad066387":"Other","6327b4e59f58137083214a1fec358855":"Retry","636f8ed97d155666224e91fd033bb88d":"Pre-sales FAQ","63a6a88c066880c5ac42394a22803ca6":"Refresh","643a860f992333b8600ea264aca7c4fc":"Email Address","647bd0ab1b990fb08bc6bdc19a010822":"Monthly payment","649b02d931f38c1cee39decce6c5e5d0":"Payment successful!","64aa5809558ab9777504c73b4997e4dc":"Where can find the model number?","64b33b11b10ee48c559d060d74034992":"Privacy Policy.","64d6fc0192742560f44bae9cacc43927":"Notification Preferences","64ff06454d22fcc8a2e3670c73f456ca":"BNP fInancing application conditions","659e59f062c75f81259d22786d6c44aa":"February","65e0bd2adf178782d9348c98378f94a3":"The paid deposit will be deducted from your payment at the time of checkout","664046577022f2abecbbbbe551d2e232":"payment FAQ","66706e0367d8f5f519db705d0e286a67":"Receipt email*","66725d7d64b46749292cf3b04dad4c9f":"Please review our new {link}","66c5ca7ac24637cb76b4baf61d45102e":"It should be 9-20 digit number.","674066c4fece0b52ba057aac9c6b3fe1":"please choose according to the actual situation*","675aa41810ae1b5349d59485898baf8e":"Phone call","676cb2956ee05fa894b499af62bbbd01":"Please choose card type","67aca8d341660452f3db87d897367347":"Select a bank","67ded408e5e8e58b9afd930427074d48":"Need {n, plural, one {# more person} other {# more persons}}, {countDown} left","688937ccaf2a2b0c45a1c9bbba09698d":"June","68d37308d9f1e3ff77dd815515f5bf20":"Cookie policy","68e05a95037802db0b58d16ddb39cfc3":"Call us","6930e936cb20a132c750ea63d1dcf669":"Face Value: {price}","694e8d1f2ee056f98ee488bdc4982d73":"Quantity","69d08bd5f8cf4e228930935c3f13e42f":"In Stock","6a3947ecef7269fa010773c249cf5a61":"EMI Options","6a568f7ef2bcca0f508ebb5bb0f49a56":"Expiry (Optional)","6abd323c625b1cb9a4fed7ad941214c8":"The reference price is the lowest price of the promotion within 30 days, and the promotion is a limited time activity. When the promotion is over, the promotion price will be invalid, and the purchase price will be subject to the current price. In order not to miss any promotion, please follow MI.com.","6abea69ec3150df451effc34ccf5dcfd":"Payment type: {payMethod}","6b77ef4b602800a89d88e6e3f93a322c":"district","6bb7441364e31632c8523f3752b76d36":"Mi ID","6bdcb2df1437d50c7aabdd5f9ec09dda":"monthly payment","6be7f75854e115b080d3f39d2c6a8fe2":"I have read and agreed with the {link} and {privacy}","6bf143a7b331c83dd76ebf834a7bb38e":"Thank you for getting in touch with Xiaomi customer service! How can we help you today?","6c112adeb08932b29e686330f45cd4eb":"View package item details","6c7d0fc449977a893ca0673c07907f2f":"Smart Home Support","6cb9cf6ee19e7586d47bfd9260030921":"It should be Email.","6cbcac430ace54f57c5ac4b15295e39b":"BNP financing application conditions","6cd107ecf2d1fa15e1332c1517e497b1":"One Time Password has been sent to your mobile number ending in {number},registered with Bajaj Finservy","6d03e5dbb85617af62fb52e77aca3e51":"We will send you our marketing emails about news and promotions. Please review our new {link}.","6df0e4a85139f779748ba2c2608748af":"HELLO, FRIEND!","6e0cd83a29a8ebd82d0cd71e208ffd48":"There's no coupons here.","6eb80a61d257b581d8f7d5a024f5fac6":"I've agree to {link} and {account}","6f1bf85c9ebb3c7fa26251e1e335e032":"Terms","6f36d7c1ac26b47712f0a96a8b00e667":"Expected delivery date: { startTime }","6f493bf6f3beb9d46a9c649d2f7ddd29":"terms","6f4a225b29c0975663d0e4b9e1f4547f":"Step 1","6f591338a32f3437ddbe90e310b769f1":"After-sales complaint","6fa1b029aa859a80e1ee1ebed268a723":"Additional address","6ff063fbc860a79759a7369ac32cee22":"Checkout","6ff7a53c84aa2d40d91316fa4ac1cd6e":"Deposit already paid","707c73d9fdcfa111db429ab18da2624f":"DNI","70b101561c23131cefa216a5514e815f":"Receipt name*","70c6e701d918d3cf70aff771b1fefa2d":"In case the GSTIN entered is incorrect/inactive/SEZ or incorrect billing address, Xiaomi will not be able to issue a B2B invoice with IRN and QR Code. In such scenarios, B2C invoice would be raised by Xiaomi basis which you would not be eligible to avail input tax credit.","70d9be9b139893aa6c69b5e77e614311":"Confirm","719081d0833a6aa961b8929b176b041b":"Use Save Card","719c4da90efd5cc1958a6cf9318929ea":"Shipping fee","71d772689215098e564b92bb5aeb68bc":"The state code (first 2 digits) in GSTIN should match with the state in billing address","72987b4837233b377c898c382dcecd45":"1. Filed income tax return for immediately previous 2 years for which the time limit u/s 139(1) has expired :","72ac99340e765e42ced11ab6800c9df4":"Use GSTIN for this order (optional)","72eabfe2de15fa45f1794b5387f9347b":"Select-day","73277ff11811ac072810e53082fd878f":"Please fill all the information needed to submit an offline ticket.","733b82ee3ef9ae9620dd0c0dfe26af88":"Get support","737d5376379098f3105d7e5018d1c414":"Price low to high","73dd978aae1b7753cdfb3be96de4e072":"You can learn more about the installment terms on the {signInLink} page and on the {signInLink1} website. The Bank has the right to refuse to issue a loan without giving reasons.","73e31fffcc72da5fd7ef4e4c2860851c":"House, building, apartment","7469a286259799e5b37e5db9296f00b3":"YES","746b231b966af15f3cff713ca45075eb":"Guidance","747cacf39ae5786bf1d78e3fdf24d721":"Tell us the reason.","74b1d1f8701d88fe2a2ced97e306724c":"Type of concern","74ce8666ae785a1b70dc05f70d043d9b":"No gift cards used","74e4c64466a8147cc1c795d03dff874c":"Changing the address may affect delivery speed, you can only change the address once. The changes in the address may not reflect if the product has already been shipped, the warehouse changes etc.","74ecd9234b2a42ca13e775193f391833":"My orders","7577d3ade4b27ef13c575bdad8d3efad":"This link is from sales-cooperation partner of XIAOMI, not XIAOMI official web, are you sure to go to that page?","75a7bfeae2971e706f14c20f1f60f5c4":"Email Marketing Notification","75ad941b2feb4c01635d56741a96a83d":"F-code is priority code that allows you to add a hot selling Mi product to your shopping cart during flash sales. F = Friend, and it's our way of thanking special Mi fans for your support!","75dd5f1160a3f02b6fae89c54361a1b3":"Points","75edf643d9f66f0f905722da73da0a94":"Price: ","7641982ad98e1e0b5b5dcdb88c54e7e6":"please fill in your name","764a6ea544c7ad65635630117661e763":"Find out which step you currently in","767bb9157ead27c332070ba3ea80f6b1":"Live chat","7698219b663d23c20f013b953df36198":"interest paid to the bank","76b6a47a02685d51794b9fdb095512e5":"Purchase","76c97053545a5dcc37b72f2ff2cfe1de":"You have selected {selectNum, plural, one {# product} other {# products}} out of all {allNum, plural, one {# product} other {# products}}","76f0ed934de85cc7131910b32ede7714":"Refund","77b5078951a93828f9c763872c09d9cb":"We will send you our marketing emails about news and promotions","77b7bff29b0cb8848fb46882dca8330c":"Share after {signInLink}, get Mi Tokens!","78264e89c8365626e96ce54c3abdd985":"Xiaomi Spain","7884c4e7138c27a1ed485c9171fc081d":"Try a different search","7978b606e7f71e42ee8f9c1b3326fe58":"Articles","79b3478442b09f814e48255c40b1fff3":"Please fill in the question, we will contact you as soon as possible","79cce87ef105f09a45929ad2b5e02e61":"Other Complaints","79e85d59bed15e16ac84dc4e8b38c63b":"House number","7a1920d61156abc05a60135aefe8bc67":"Default","7a19db86bd5045cb6ede7b184621cae5":"Are you sure to delete all selected items?","7a81745938b57b4c296ba85430dfc076":"{amount}(Exchange) + {subsidyAmount}(Bouns)","7aabb1d68cc610ba8ed6d01465ae487a":"Please have at least 60 words to describe the issue so we could help you fast and accurate","7ad9c4fef49dc44a6c4acc1ec3f40307":"Term of use","7b1329f5ca3d485bba602a815ffd4d6d":"User manual","7ba6003b72c058ec4c8a21664dc380ca":"Order Discount（Optional）","7caa936b6a9cafdfdc2b8c40d3fd1e48":"Pay this order when you receive your goods.","7cbb885aa1164b390a0bc050a64e1812":"Month","7d428a78755516e2102d58ed8bb2d554":"Order Confirmed!","7d7f78091b6279a7aa3e9ec60c590e65":"The redeemed coupon is not available, please check in the unavailable list","7db89d2bcd7642392845901736f3b7f6":"Use coupon code","7dca59f6cfd5172069f8d6c7db545fc5":"Reward points","7dce122004969d56ae2e0245cb754d35":"Edit","7dd412fff3f2660125d6ee763f7a5edf":"Enter your phone","7dfa44aee8e21e5967e2fde5a6b0cfa8":"Interest rate","7e387403b4f4db5c235168878ef3685a":"Please confirm and re-type your email address.","7e823b37564da492ca1629b4732289a8":"November","7e94a5a17adae2f9c3200293149b57a8":"Please update your delivery address as address verification rule changed.","7f090bbab1cc7f9c08bf4e54d932d3c0":"Modify","7f48f500c98f31328b5de12bad788c66":"It should be {n} digits.","7f58067602c6b395e8f79d2bd00fc071":"Phone Support","7f5af4d37a05814db2120931abde3e5a":"Scooter safety notice","801332b9f7bc4f7e80ced2962a6e7cb0":"You have no interest","804f1582c5fc60ff07ccf7bb1c04200f":"Score of repairability","8056baa1a9686c03b8a2453e738682fe":"Please enter your nick name","8081041752082c0f905cca47a5c5fc0b":"Mid-year sale","80966082a8ff55c197acd01b31e7a1a5":"{num, plural, one {Only # gift available} other {Only # gifts available}}","8098b34f582537833b36b58273c3545b":"Expand","80a0c205cd57b22fca7f174253870300":"Opening hours","80f9da7e70b81d947f9b863effe1000b":"It should be email format, max {n1} and min {n2} characters.","81151a1669ebd695e837f304a0d8ec79":"Coming soon","81b7b4587a2a3ea7a0d6bb1df3fbba54":"Delivery to","81df81eca2f19226c70959e0de4bcf2c":"2、Total tax liability (TDS and TCS combined) in each of the previous 2 years referred in (1) was:","81edac684bc7a237db3aec3c8654363e":"There is nothing in your notification list","8208644c31c494d505cb79bce4e1f8ea":"Copy successful","82331503174acbae012b2004f6431fa5":"December","826401acd0e4113a089aebbdd560f63a":"I have read and agreed {link}.","826eadae3870bf9e64c7a7ff9b1cb181":"Sold Out","82e50c727674f251464fc7520f5bde26":"Please try again","82f9586651ecf1889bd2590577d5ed37":"{percents} Off","83218ac34c1834c26781fe4bde918ee4":"Welcome","8335286d82242f973b5ccd49d1f962b6":"Enter your describe","83580af7241f2c077f786b090606b622":"Choose Banking","837530b859334b4542ee2237e78549be":"My coupon","83a9010e4e7b89f3ddbebe5700f25961":"Last monthly payment","83d893ae1e34a74ab9a068e1d190c764":"Shipping method","8424759b72778a2732d553db3be4fd84":"Who has F-codes","84e4970c5c35731ac7084f09ca0a77cd":"The email address is invalid.","84ee87e61c6862f0d0b04e0803d064a6":"please choose issues type","8524de963f07201e5c086830d370797f":"Loading...","86cac5b46027da6bd2062dfc2409d128":"Fiscal code","86f5978d9b80124f509bdb71786e929e":"January","871aa711b44c8cfc9cb182bf4c93f25d":"Apply now","87e9eb1c1a013b2e84944d6c1cef86fd":"Product information","87f38afeefb1be807bf6150edbb2669b":"Select version","8811cfcad272711c069a6e8af11978e8":"1. Select {lock} in your browser’s address bar.","8859b39223dd3118da5974f0d69ba132":"Delivery Terms","88aa7f1fe8ed0263ecfc10e9c075e3dc":"It should be 8-10 letters or number.","88f6c0005d001484a67a9f6482f3351a":"UPI Discount","891ad007e2e9f2d55be6669cd9abc7a0":"See more","891d04e59c4d3d4e6bee6fe14daf75ad":"Following succeeded! We'll notify you once products launched!","89a3ec93d0e8ea07f3324793a4383c08":"Get Support","8a78ef65571c3071350cef286fff89d1":"Please note: The actual amount paid for the order is ≥ 3,000 EUR and a tax ID must be filled in.","8a966e05d6050fb6846bb2f8542ad2c1":"Country of Origin: ","8b5b52e9fe8fb10b925fcb6a7306ea6b":"Please input an value!","8b5dd64ab8d0b8158906796b53a200e2":"E-mail address","8b777ebcc5034ce0fe96dd154bcb370e":"WhatsApp","8bca8885b44aeaedfab31f4ef01e25bb":"Sorry, Installment service is only available for specific products or amount.","8bd4837a76cf443ab523a51895e23c36":"Pay now","8c9875d8ff927b1af37bdfd7bfd61cc4":"You haven’t got any message.","8cf04a9734132302f96da8e113e80ce5":"Home","8d15efe0b54b6c9d330cc22028fa620b":"Please enter the verification code","8d3f5eff9c40ee315d452392bed5309b":"Last name","8d7b323644f2948a55e5f746e728b0a7":"Check pin-code","8dc21b77d62118cadb4606a6a9552a81":"La Plus Proche","8de83355ffef57ea3c9baad5f85fe226":"It should be max {n} digit number.","8e225a2e3a4056c63fda71963f968379":"Package detail","8e7f8f9c7e5aeb57ced5f636d43081c9":"Recommend nearby Xiaomi Stores","8ea1534daed9a981615482d28674dc31":"Select-month","8f0cca106bb1430ff68096344be5dd67":"We'll notify you once these products are back in stock.","8f3d10eb21bd36347c258679eba9e92b":"Finished","8f7f4c1ce7a4f933663d10543562b096":"About","900a8a2aada084d9c94f98c2e47499ce":"If you would like a receipt, please fill in the following fields. After the order is processed, the receipt URL will be sent to the email address specified by us. Please write the name of the recipient of your order on the receipt as the address. If necessary, please change it by yourself.","901a466d370d3c4267555066bb8c81e1":"It should contain {range} digits.","902b0d55fddef6f8d651fe1035b7d4bd":"Error","903f0ff700e795b062b8b315712bb04c":"Available ({num})","9058a50ca680f93cf6db57e2f60e7319":"Edit your billing address","914419aa32f04011357d3b604a86d7eb":"Carrier","9194e19b7eb0494342f2f0ad63551625":"Payment FAQ","91f76bba3173a6f6c0f53ac98fd3ecb9":"No delivery address","91fe6bf60b89915846682cc21174c68f":"Create your address","920beb5dda21b04a332e0457cb0cfbec":"Interest","92153959f8d07bdb9e8d3315ca9bfbac":"Select discount","922c8940a0e4a72151582d0085687d4a":"Bank Interest Rate","9251e77c39f9da9530bed1b482fe48c3":"It should be 8-9 letters or number.","9303c433d5f64f607645776e4007318b":"Understood","931d3a3ad177dd96a28c9642fec11b01":"Card Number","93cba07454f06a4a960172bbd6e2a435":"Yes","944ea1b95d0af5fe23ac45f9edae2197":"The closest","94966d90747b97d1f0f206c98a8b1ac3":"Send","95141231325408289f76a5ce82482b37":"Scooter safety notice","956205f0d2c8352f3d92aa3438f1b646":"Address 1","9570a5122907250fa763447b81122a92":"Privacy policy","95b7cbab66c69ef4e57e7c3040387874":"Your payment failed. Please try again.","95d3fa6b9e69c588a333f4e78139a7cd":"Enter your email","95e608aa8fa42855b544afca9157f33d":"Change Pincode","96b0141273eabab320119c467cdcaf17":"Total","96ba1672ba05a41e4141db12b3b4409b":"You will gain {miTokens} points after delivery {btn}{icon}","96d6f2d3619950e8b1221f43f422bbfd":"Are you sure to remove this product from shopping cart?","97019d76ebe36908a992d4336d8fae09":"The phone","9791523232c871aed5768c2d194e5176":"Em...this page is missing","97dbbe264b1694db87d98af6e5cf3c4d":"Verfication Code","9841e214b0ad5fd7068f6c639b10c610":"Subscribed successfully. We'll send you an app notification 10 minutes before the sales starts.","985a4b720f9b50ee8ed90a41488d2bb7":"Terms of Use","988ecff570b55fca4e3db36cf982ba30":"Please enter require information","992374d8e2e24f17bebc50a6e57becd6":"Exchange","995f2657e39fe5387417223199f1a60c":"Please input your cvv number","99669a6ce8855c32e3a596acc52baeeb":"Invoice is required","99679974e1e2b2bb0bf99db324ade9e4":"Package includes: {itemsDetail}","9b1e724d1cc935a2d0e9e6de6c9fc21f":"Recommend nearby Xiaomi stores","9b2c25a7f13d393ae4054d71f8e38869":"Shop Now \u003e","9d1a89751378d26eaefd67eda0871986":"Login / Sign up","9dd0891b36e639fc9d80f87979989bc8":"It should be email format.","9ded1ba1a8231b70e8aee2f7ecd66322":"Follow cancelled","9e17644b04293266b3e718329b7fc106":"Amount({currencyCode}):","9e3da8a868b8b3ed9d5e976a4d1f5caa":"Please enter your phone number","9e75de9fbecd302a989ff046a629d48b":"The number of shipping addresses must be less than 100","9edc6ee6a619bfd7c4edc3bacc88e939":"Value: {price}","9eef0a76f263932bb9d45e074473ef35":"Payment time: {addTime}","9f0307ac21d9dd775f39ed750bfa4e8c":"Find a local authorized place to repair your Xiaomi device","9fea1c2e18a33d248d426b3612314164":"Carrier: {name}","a03ff16c908038c951cf87e2bb145796":"Please enter Card number","a058dfbbaf97254b203721e50a963b6c":"Debit card EMI is not eligible on the entered mobile number, please complete the transaction using other payment methods","a081c9610c122ca2d1fe29935930f908":"All orders","a0a947d002c15751e7564dff163416b7":"New This Month","a0bfb8e59e6c13fc8d990781f77694fe":"Continue","a128bf33c6781d4e68f67c901f2c8ca5":"Please select the self-pickup","a192e122733770dcc76c50119cd548dc":"We will send you our marketing emails about news and promotions.Please review our new {link}","a1bd8a7f644e5c2681e21fd04f7d68d9":"Input your phone number","a2100a98a0a6b63374c771af9b2bfbe5":"Xiaomi Store Privacy Policy","a233f2abd6b809faceb9d593f106713a":"THANK YOU, MY FRIEND!","a25c753ee3e4be15ec0daa5a40deb7b8":"An error occurred","a2a24f4120a52aa71620662c73eced9d":"Your cart is empty","a2c075b518f10d469fd3d3b409135080":"Please enter the displayed video link","a2dbdb2ca7d505cfc29628dc1f0db814":"Copyright © {timespan} Xiaomi. All Rights Reserved","a31a71db7cb3c4f2631b588477fd272b":"Coupon FAQ","a337cc1215d132264901ddafebe61138":"Your account has {n} gift cards","a3a7203362a2a1e2222142bb2efa9ecd":"Please select the delivery time","a40de094ebb292b72fa2a4f3a1cf1209":"All Products","a44217022190f5734b2f72ba1e4f8a79":"Card number","a4d3b161ce1309df1c4e25df28694b7b":"Submit","a4fca78a750e931dca79919ba6443181":"System updates","a51db3edaa5b4daeaf04f6e6c7902924":"My Gift Card","a588b1abc58b8b758c4b34b69b9e10bb":"Copied","a5b6d58ea4b48ff7de6548313fc51d98":"See how it work","a60126ec2c2202228968c141306270ef":"Upload file(Support upload 5 jpg, jpeg, png, doc, docx, pdf files with size smaller than 10Mb.)","a618df9166216e6481aa08b3e284c70a":"1. If the brand and model of the old device matches the declaration provided by you at the time of purchase of the new device.\n2. If the phone switches on and continues to be in on mode for a minimum of 30 seconds without being connected to the charger.\n3. If the IMEI of the old device, provided by you, at the time of purchase of the new device, is correct.\n4. If the screen has any cracks, visible lines, spots, signs of water damage and if the edges are damaged. If the body of the phone has any cracks or missing buttons.\n5. If the internal LCD screen is damaged.\n6. If the screen lock has been deactivated (all forms of screen lock such as pattern, pin, password, fingerprint, face recognition, etc. needs to be de-activated).","a666f85ec73b1b8ebd596e064481fb2c":"Face value:","a70a7cf8b876ba013c20cf92044a7b17":"Pre-sales query","a72cd6d9cf0c46783ef26e40a72cd54f":"I have read and understood the Initial Disclosure Document","a73f13fbca15462a1d7b6a8e6e882c33":"Original value:","a76d4ef5f3f6a672bbfab2865563e530":"Time","a7a230fabe20a9ac1483ea99aa32fa3b":"Please enter your receipt email","a7d59c7a6eb9aa715a777a9cc3f944cd":"Welcome to Mi.com","a7d91db18d0547aeb35638ec98ea2566":"Step 1 deposit:","a85370145d2665ae08a803746bd5e088":"Add new gift card","a85eba4c6c699122b2bb1387ea4813ad":"Cart","a871e508a0ff43f79eb43dbe4429044a":"Please select the products before you check out","a8c71e5709e25b7ef6165e399a700cc7":"Edit your address","a929ba2f72a8d1acf7d158fc77313cc3":"Apply Gift Card","a9f90368a166952fcc59e1cc469e681e":"The installment service is provided by third party provider. We may share your personal information with Ayden. Before using it, we recommend that you read Ayden’s Service Agreement and Privacy Policy carefully.","aa04865ede886f4b0906e7de1aa2143e":"View store details","aa22b85761116cefd4ec0145550a64e2":"- {discount}%","aaabf0d39951f3e6c3e8a7911df524c2":"service","aac89ed5399184e9e9955ee808c74569":"Your Information","aaca0f5eb4d2d98a6ce6dffa99f8254b":"avatar","aaf75d9cac861679c91b02d11305c616":"No tax is required for this GSTIN code","ab042d659d4da22796d53156006f3af9":"{reviewFinalScore} out of {reviewTotalScore}","acea81a316556b9fd4ad5e0dc3cc9b55":"No results. Try again by checking the spelling or doing a shorter search.","ad24ffca4f9e9c0c7e80fe1512df6db9":"Relevance","ad38abc58d40b331af9d0866c3120415":"Email：","ad7a5dccbb87e6c4be1cfd32954711fc":"Expiry","ad8783089f828b927473fb61d51940ec":"Use","adb6e651c47c732f9af50ae33748feaa":"Coupon","ae2626a2a61a242ff8ba176336986693":"{n} coupon available","ae39f9db546efece518644677bc21f9f":"It should be within {n} characters.","aeca6ec480d3cc9d37232eeb7605ed5a":"What is f-code","aed3f8ab8adeac5f8a45a3a675cff941":"Order list","af0f5bdc5be121b9307687aeeae38c17":"Delivery address","af1b98adf7f686b84cd0b443e022b7a0":"Categories","af38a77128c16b2e61aaf7f39cdfc83a":"Price high to low","afb9428b853c614feb8775d3f0a6ba31":"Or you can search whole website","b00b85425e74ed2c85dc3119b78ff2c3":"Free Shipping","b03609f22590317ec4de961b29dd7903":"A freight of {price} will be charged for special products","b039640d1812a9d4d10772b0c15b941f":"4. Some products do not earn Xiaomi points. For details, please refer to the product page description.","b0569c8dc80cc9cc39979bcd37dbaa0a":"Send your device for return","b0b525343675d795fb20c49ac3466977":"Terms \u0026 policy","b10bfe47d060e2e4cab3d4675c072835":"Free shipping from {price}","b1a364b58b1cf89d86736579fdd0ea95":"Validity:","b1c94ca2fbc3e78fc30069c8d0f01680":"All","b1f1241e472b78361a792c0d41819042":"Thanks. You're on our email list for special offers.","b24344b6a2c4a94c9b0d0ebd4602aeca":"View more","b24ce0cd392a5b0b8dedc66c25213594":"Free","b2f41d4b719dc941107f6d2544c9a9cf":"Hello, friend!","b2fddfad59392b3dba82cb9809712197":"CVC/CVV","b3dcb413f15c1bb293258c34f5077f3f":"Input Card Number","b3ff61930194c59498a46caa50b7a052":"Please enter your receipt name","b510ff4b686f023f81a6b973c8928427":"Complaint","b54d080bcdcc3dfec151b60f7944434b":"Dial *#06# to get the IMEI of the smartphone","b55197a49e8c4cd8c314bc2aa39d6feb":"Out of stock","b58aaf780d69e56656f700d7da5baa7e":"1. Complete the financing application with Cetelem.","b5a7adde1af5c87d7fd797b6245c2a39":"Description","b5d3a1ba4b47eb61ea5795e1c47fc6aa":"Please chose required information","b6408bbd7ac8a3be99b9404f0c220061":"Shopping bag","b6601925361442fdf49b172fdd9f8873":"Interest to the bank","b67c5babefd9d6510982c7e73a25a89e":"The phone number is invalid. Please enter again.","b67f544654120eda84884079c3d02688":"Failed to modify. Please check the shipping address and try again later","b6a985d941b20b7262b110c41ae8af15":"Confirm the code","b75443a19207ed3a3552edda86536857":"Shopping Cart","b75833669968adbef634495636e3fe50":"Copy link","b78a3223503896721cca1303f776159b":"Title","b7adfe4625084b6a60bd137ba4835616":"Bajaj EMI","b7da2e89e81177e378f306c95a36cc70":"Log in / Register","b8b0022fdbe5dce24c93d48441b8ae23":"Complete Payment","b8e3ff57859efdcded83d8ee0177ecaa":"Detailed address","b961121a03c9aef417104f99c5a00686":"Edit Information","b973491dc3c5a8f5f60b74e5348cb50d":"Global / Global","b9aefa40a54680bb258f9f9569290fae":"Product Name","ba2af0d629ae0ee7d825d86feb985830":"{num, plural, one {# Offer} other {# Offers}} \u003e","ba5565cb820c966f3793b6dd7f0dce14":"interest rate","baab1e7160cf33087f4cb1d9a85298fa":"It should be 8-9 letters or digits.","baeee39449eb1892416baf7016f4e7df":"Glad to help you! Thank you so much for your feedback!","bafd00e88d3bc2053298e90d6c1a32e3":"million","bafd7322c6e97d25b6299b5d6fe8920b":"No","bb3f821f6228e9be8bd3e57467ae968e":"Search for topics","bb93af687acfc5aa9b8046c289a2689f":"Delivery services are provided by DHL. Please read and accept {signInLink}.","bbb0c10a0662c3f6900be76f72129c38":"Learn more from Mi Home","bc16c515c0762d8c039fe2742b02a161":"Latest lowest price: {price}","bc30768048a7bbfd2d158d722c140c6d":"Total amount","bcb1a4df6809b55f9b5fc82fe0ad4063":"SKU: {model}","bcc254b55c4a1babdf1dcb82c207506b":"Phone","bcc604dabbe20c24ac193c1275310904":"monthly payment detail in popup","bce946c6218f5d413cf9d70c7129ce30":"What's new in this products?","be22166f25c88596878f93fa66a28e6c":"You can learn more about the installment terms on the {FAQLink} page and on the {buyWithSberLink} website. The Bank has the right to refuse to issue a loan without giving reasons.","be686376cddb23d0227444ccc3c4b5b7":"Voucher","bea8d9e6a0d57c4a264756b4f9822ed9":"My Account","bed08e8af70a98c1a8361f13ec477be0":"Add new address","bf48067ee8a1c68a9c73228a9f9ebbe2":"Thank you, my friend!","bf5f061820680c029bfe1eed1aea9ed8":"Birthday information can only be modified once a year","bfb05abd57f29dd83272be5dbcc6e804":"Sale on {date}","c083fc7d99a18946c7c25c80e27a455e":"save {money}","c15a21cec67885beddbd1a9d9c4a2d63":"Sberbank installment conditions","c1866e8db1620b88ac265d1d23292a01":"Thank you! Your payment of {goodsAmount} has been received!","c18deea08b940fd0a59e507e8420a6f0":"Extra guarantee","c1c2fd59f510cb30bef102180456b4aa":"Product support","c1de773cc1801220c041e413ed7c91ae":"Total: {price}","c1e4068a03c26d601aecd7ae7bb0fcd0":"1、Filed income tax return for immediately previous 2 years for which the time limit u/s 139(1) has expired :","c20a29a5a016e67ff9e74910c6868834":"The installment service is provided by Oney, and the final price subject to Oney. I have read and agree their {signInLink}.","c2623a37869aa514396ead0f96c6d578":"Financial cost","c2738702a7d9a318e9b2e4f4827a9b7b":"BNP fInancing application conditions {signInLink} view more {signInLink}","c2b16eceed0a2fa40c65fcdfde11adb2":"Borrowing interst","c2b63e85bd5e4dc9b6cf5a4693847e06":"Name on card","c2f3f489a00553e7a01d369c103c7251":"NO","c31500e883a6c188aea3c20ab9c1c5e7":"Enter your birthday","c317cba4fb4b3f968f72d65cc0a21537":"Back to shop","c3865f5e750f1bbbea180e1f263ea4d7":"The system is busy now. Please try again later.","c3cb77191ea5e8673132fce1536f4fbe":"Clicking Apply with Barclays opens a window where Barclays will take your information, subject to Barclays's  Privacy Policy.","c3f95f5cf46d67a0796f99ad9b56fcc1":"Daily Picks","c404f642575acfdf9b3238f860fae39c":"Billing address*","c46bbf501588b25ddae9eb64c982957b":"Email: {email}","c480c86a0125ccc2c5456b388edf29eb":"Learn more \u003e","c4bf8990442b034710bd7a2110872267":"No exchange coupon used.","c4bfb2a0bab0e91bc7dcfbe3bbec246e":"expired","c4de8225c26d80c45cc977167c9c785c":"Delivery to {city}","c5a7486695a24036661c3175adb534ed":"Your card information is stored in an encrypted version with the authority Card Scheme. Encrypted details are stored just to facilitate your next purchase and to save you time entering card information. We do not store your CVV.","c61232ced6bb593e4c9b645dda49ca88":"Edit information","c6b5d0bb9a0c3f077863fdaef9773f7c":"Province","c6c17df85ec0882ecc62d5d01c91fcd8":"Incomplete field","c76a60067dd1e46ba6816d598cc0aea4":"Enter your UPI ID","c8505ab3d7a6a7e9d39f84abffac89ed":"Confirm Purchase","c8699d556c339d1d6c1a791fa10c8115":"You can only change the address once. Please confirm if you want to change this address.","c87aacf5673fada1108c9f809d354311":"Sign out","c87d7517bc5e8d651d6b6fb672be0469":"Cookie Policy","c892e105f418d318b3f82d022f68df76":"View shopping bag","c8eddc5afcbad9d0439531cd2b0347b7":"No coupon","c915683f3ec888b8edcc7b06bd1428ec":"Telegram","c9cc8cce247e49bae79f15173ce97354":"Save","ca0f7b560a44d38eb50009c8388f4530":"Bundle Price: ","ca1eacb3670d1e167817656e4135174a":"Street name","cb00430cbcdbc316a0a0bd097ae259ff":"Default version","cb6e0c59f7fcc59b2a32b6bc31c8aec9":"Smart Device","cb745d88182e0f7bb66b3f09c73840b2":"Save up to {price}","cc4616c718d99e1face99b5e46a5755c":"Coupons","cc5d90569e1c8313c2b1c2aab1401174":"September","cd10ba27bfc09acaa0262499736d9e27":"Category: ","cdbc895d08b5d92db04174533a8548f7":"PIN","cde1a61aaaddc229c3fe6acccef6ca48":"Please enter the nick name","cdf2aee29c763f10bc318456af014407":"Sold by: {dealerName}","ce06b63bb0f81d487ad425b80a14419a":"Expiry: {time}","ce2beb62ab8b935e9b63d2d8d98e5af0":"EU declaration of conformity","ce2ff76b086d156c69c2224ecba94a1e":"Agreement duration","ce8ae9da5b7cd6c3df2929543a9af92d":"Email","ceb2ddec58677125b3333f03a7be3147":"Sorry, we don’t support Laser / JCB cards.","cecd7bb3efd038799c27a03970bbcd8c":"Tell us more detail about the issue that you have","ced44b47b0c68ba62f980a10217188c0":"Maximum Retail Price (inclusive of all taxes): ","cedaec2f6d467bc1f2243b660ed33e77":"Landmark","cf0a4806d073bae6b38dfc624de88844":"Do you really want to cancel subscription?","cf5f3091e30dee6597885d8c0e0c357f":"Term","d0042a700e9bdf79689d63ee6846dc0e":"Description:","d01bf180966a7b78714dfa4860f50f7c":"Glad to help you！Thank you so much for your feedback!","d020c7e4235f2eec7839c573c41bacc1":"Technics FAQ","d0a3891e0131c969d5b15220568e6966":"Birthday terms","d1a46bb74b90a42b5a07f0743b58cda6":"It should be {n} characters and digits","d203c892fa45604df486b2f169a81b9b":"Free shipping applies if the order price reaches {price}. Special products are not included.","d2802c6e273fc07bf5bc2fcb2ea440ce":"(T\u0026C)","d29823e0a2472859ca38cd29d738cfdf":"My Notification List","d2c18e8f5bb0dfcf9b7e893676f3fe23":"Please check and agree to the Terms \u0026 Conditions.","d2e8b92e10ca61c48d73cc0c5ee628d8":"My reviews","d312652606d1f01b1aa0f49ec49b5310":"Mi account","d32c96e370a4a6eaa98c6984bbccdfb9":"Shipping FAQ","d3d2e617335f08df83599665eef8a418":"Close","d3da97e2d9aee5c8fbe03156ad051c99":"More","d41d8cd98f00b204e9800998ecf8427e":"","d55c7c2dccfbf2d6e7c659a92e81d01d":"Please enter your Email in the correct format","d57c24f3fe52d16e7169b912dd647f0d":"optional","d58f3c282c3404a4d548292ae9860967":"Payment Successful!","d59048f21fd887ad520398ce677be586":"Learn more","d60db28d94d538bbb249dcc7f2273ab1":"offer","d61ebdd8a0c0cd57c22455e9f0918c65":"Street","d67850bd126f070221dcfd5fa6317043":"Sign Up","d695900a9f2e262998938085ece85b19":"Find a local authorized service center","d6e619e127b4247ae9eefa1541b0f908":"Business hours","d7382edd2439f1b49b4bac81c85b3704":"There's no voucher here.","d763c7459533efb61f8e58bda5e32594":"All Orders","d789accb8908db22d101a6e93b3934de":"Buy with Sber","d7dd33406fe94fc18c102ac0888f9dd7":"{n, plural, one {# day} other {# days}}","d7de84a603d1b4432ce951c52b36d143":"Trust center","d81cf324f7b8d5a6cce01f59137fd91d":"Company invoices are temporarily unavailable.","d84a3540c1046bc3a66a5380fa832965":"Enter coupon code","d85544fce402c7a2a96a48078edaf203":"Facebook","d8892482dd4ff4ad53fe8fb78db5cbe8":"less than Rs. 50,000","d8bd79cc131920d5de426f914d17405a":"min","d90ec336fd06c0eca448acaa1970e3d2":"Search the location or store name","d95cf4ab2cbf1dfb63f066b50558b07d":"My account","d9924612440077c92c974fc00afec2d7":"No exchange coupon used","d99c878fc32dea07507793497cc32df4":"Cash and card payment are available in your area.","d99d8ae112eed5eee75b3b705b0d2499":"Please enter required information.","d9ca778641274644a42617a68761a80e":"Apply coupon","d9d3b33041c2ef02bd28687043ea05f6":"Your shopping cart is empty!","d9e6f34474be555a43262cfc6e2c1a8f":"(Optional)","da3b4e2e06578e2554a376d35922f80b":"Please have some more descriptions for better help.","da54b6bf3f9e7953a90218ae8527ffdb":"Create your billing address","da7ca443be6d85cb6940cb047c11e966":"Check the nearest store to you","da96def82996a7399aa9af0fc34f1640":"Increase the quantity","daaa9cb7cc5105702a33ad88a824630d":"What's the type of the issue?","dac6a622834ab601d75f11d9ced52b5f":"Smart Device Support","dadef7539131d76fa78b1288bc04a853":"Door-to-door pickup","dae75ed3b23885f62948827c90c0c846":"UPI","db5eb84117d06047c97c9a0191b5fffe":"Support","db6972129277c0530dc78f12b949af6c":"Delivery services are provided by DHL. Please read and accept {DHLLink}.","dbd2f7cf1b261cd6ee166c03cb25ca49":"Payment type: { payMethod }","dc5cf4065458c1cff68f09aeeb68d7b2":"No stock","dcb4156fdcbdde277c14681f436b7cb0":"Enter promo code","dd00ed9dc39f64dd3a7bdcfbdddd2f5c":"Before selecting the insurance, please tick the main product first.","dd6408c912ed065ba2644b247120dfe1":"VK","dd6d8d8342b25854ab8af3cab0eaa425":"{miTokens} points have been given to you {btn}{icon}","dd7bf230fde8d4836917806aff6a6b27":"Address","de0c910c3173559398c9e95c8f533f96":"Product Name: ","df287c803c4354cfdad2f602259841ca":"Please select product category you are having issue","dfa04bfb25863a8cc9d2e922dbda5cd2":"2. Locate {notifications} Notifications and select Allow.","e0010a0a1a3259ab5c06a19bad532851":"Paid","e0626222614bdee31951d84c64e5e9ff":"Select","e089b87c1e5c8f4bca1511726c033e4a":"Expected dispatch date: {startTime}","e0aa021e21dddbd6d8cecec71e9cf564":"OK","e0bb2f66e5b61be3235bf8969979de19":"District","e0cf58fa3413df99ae83109ebb9a41a3":"Resend OTP","e1124d946408f74c3c498a240ae97705":"You can apply offer to avail discount for the order","e1a3355ad464e3005bf5f31bbe1cf2f7":"Enter your F-code","e1d607780c865de4b895298b4acc9b05":"Ends in {countDown}","e22269bb51f9f2394e148716babbafbb":"Popularity","e265492707dd0595fd1f399bb8a2690e":": ","e268cede04562e8808056adec47ace55":"Free shipping from","e2a83b1aca636d8ff0c70880380aba2a":"xiaomi phone","e2df93a54a8d3169ef2d16f5f89ecc20":"3. The order will be confirmed once the loan is approved.","e31ad1284b7618a9c10777ed99b12e64":"Step 2","e328c30c941bf1963b2b78e3f87dafe4":"Address 3","e3965a4641b615c412c2122e730f806c":"Use New Card","e4b0c2b6d59cb4cf3e169a9886008087":"Sending","e4c97949ea096aed8b4f2c0f851c4300":"Sorry, we’re unable to recognize this credit / debit card","e5c81cffb87cbfe30742a315c2c0268a":"Sold by: {goodsDealer}","e5d4397991a14f7dd66fd26d24b017ca":"You have selected {n1} products out of all {n2} products","e618febebd40b7a9a8fcf6c57a36fde1":"{redemptionTokens} points available","e620905780740f5394f758855a6d2d29":"Use Now","e6b0145b62e164aac055b07498a2ddb7":"It should be {range} digit number.","e6bb5baa9266c671e0459a3f99ce69b6":"point center","e6bc658d1d1b80a5b522ad370116a2c9":"Gift Card","e7dea8b4293e39dc9abbee8ec4589576":"DHL's Privacy Policy","e846f9674903f52b0b24278f88c4abca":"Agree to {link}","e89e6b8556089292190a56ba013c51cd":"My Coupon","e8a49ffb1a458717dcbf579295cfaa3d":"Are you sure to delete this address?","e923397834bc9638438bb3c462c5787e":"This picture size should be less than 10MB, Please choose another and try again.","e990b6285ed2a575c561235378a5e691":"Out of Stock","ea4788705e6873b424c65e91c2846b19":"Cancel","ea5385ea3154de273510db1ae53baf7b":"The transaction has been completed, you can close this window and go back to Mi Store","ebb061953c0454b2c8ee7b0ac615ebcd":"Optional","ebb17e516c7baff9501d9ca53fb0a0c5":"Subtotal ({n, plural, one {# item} other {# items}})","ebd9bd384b84b4f93b970f5bad659410":"Payment time: { addTime }","ebe8555fee21e68f41b4739a2f6a7253":"The product will stay in your shopping cart for {countdown}. Please complete the payment as soon as possible.","ec211f7c20af43e742bf2570c3cb84f9":"Add","eca60ae8611369fe28a02e2ab8c5d12e":"October","ecbbfe8039da928f27886e1b0e004c32":"Order confirmation time: {addTime}","eccaa433b19fa3b5b9d058a5968340a7":"BNP financing application conditions {signInLink} view more {signInLink}","edfc229dcb7b63881ecfbcb8e56a5acd":"Amount{currencyCode}:","edfd56b38f555c58ca8f6902c39dbd04":"Check-out","ee062add05f24a4d4624cc51d92c9916":"Points usage rules","ee331d3ab4cf4863063f57875fa38aa6":"Remind me","eea671ae04c9af67e1721ed7e3493f88":"Cash on Delivery (COD) payment mode is available only in select areas.Please enter your pin-code below to check if your address is eligible for COD.","eeceac1af4e7620894d6d2083921bb73":"Shop Now","ef4fd4f0d5cf22585cea9b0898326c2d":"Thanks for your feedback! You please make some suggestions for us to improve. We will review every suggestion and provide you with more helpful content in the future.","ef682fd7693b03b7c1beb9f78f1154df":"f-code","ef831a7b020689074c3df21c36dfc3c0":"Months","efef0a7e67693e87b5afd2b2b7fd9823":"What is F-code","f02d24e15ed3b307b970aa4dc1b48e8e":"Please select date and time","f06bc93dd8a2ede71940532cc4643d13":"Thanks! We have recived your ticket. our specialist will contact you in next 2 bussiness days","f0aaaae189e9c7711931a65ffcd22543":"Payment method","f0de64fc7ad79778f6ef4e1c73e17213":"Use your coupon code here!","f0fb2ced8aa0654a5f2ba7902d8883df":"Quick Links","f11edc242286a37c14d0a0cbc2d929ed":"Please select location","f1d3b424cd68795ecaa552883759aceb":"Order summary","f20257b7da502df7798012ffefbf94a2":"Are you sure to unsubcribe the email notifications?","f25a52b4883c563fa5eeaab4d8c79273":"Financing amount","f261ca575cdd493ae2b3500c9c2a1771":"The redeemed coupon is not available, please check in the unavailable list.","f295303357cc1dee082fc483b06137e5":"Order FAQ","f2a6c498fb90ee345d997f888fce3b18":"Delete","f2d369d116b4d7d3a9f8937a5b9386c6":"In the step you will be redirected to your bank’s website to verify yourself.","f2fdea440d768b85591e936a803c3631":"Sign In","f2fe1a641d957aae9840739dae9f459e":"Followed","f373b403975d367491574fb2c739fef7":"Shopping cart","f3e3bbd6ec8f2e0afb8d7d994163c5bb":"(option)","f3f43e30c8c7d78c6ac0173515e57a00":"Filters","f3f97de67c80480904f958df15b8a57b":"Integrity","f431e17ea0081a3c9e51fc240221ee21":"Social","f43de2ece0691a7a4ca50c1a49f6e160":"You have not added the arrival notification","f451e8c275095874f8dd7a0b1653e2de":"10 cards can be redeemed per order.","f4c9299d60e06ed2bd1735c4001cbfae":"About Xiaomi","f4f70727dc34561dfde1a3c529b6205c":"Settings","f5395c9793af8a11b406ca7c1ac70da9":"Learn more","f56385d4d095140fe7239d31e5f9ac60":"Cardless EMI","f57df6c51ac5098f4c03fb6fae315c4c":"View financing application condition","f5b763b4b61f6a8bcb94d5a9595fbeb3":"Enter OTP","f5c20aa4073b31676c7d8ced74b12d89":"{pointNum} Mi Points = {price}","f5d176c7bf61618414cbda0adcf813b7":"Use your F-code to get first dibs on this Mi product.","f61dc7646dfe2ceac347e4624d2fe3d3":"Please review our new {link}.","f62882ff89bfc301d3bd347b367e7996":"Mi Gift Card","f641e449f27272a2aac4853cbc3493a0":"Didn't find anything","f651237196046cc2fa8ffc3dee54744e":"Email needs to be added","f7cc6f6c774b479611818d30aa09b48e":"It should contain {range} letters, digits or spaces.","f7d1907e3ffc9ecb213108ab653ffe46":"Go to Google Maps","f88fee16d28bcdb67f29ad921023a3a7":"Gift card number","f8b608fcbd40b874e8eb2ca02dae2985":"Update Notification Preferences","f91038faa31e6153d76759f50b15121c":"Enter Verification Code","f91566160456e6b287d766f8838df4fa":"My Orders","f92965e2c8a7afb3c1b9a5c09a263636":"Done","f92f4d0181dcc68e6610cdb0bedeac4e":"Total amount of credit","f9f13e20e87422953384078e84536ef4":"Nick Name","fa0e92ab3c39a4fbdf81351af8d377ef":"Select a product","fa0f3b66e267868304adc0bfe13a51d4":"GO!","fa116e9269345a789bbf900514df1ca1":"No exchange coupon","fa28aeba057c9577cb606476c2dfbac6":"One Time Password has been sent to your mobile number ending in {number}, registered with Bajaj Finservy","fa2ead697d9998cbc65c81384e6533d5":"Privacy Policy","fa3e5edac607a88d8fd7ecb9d6d67424":"March","fa46a858a0dfdc20405d49eda0297e78":"Close up","fa8ec89697228115037bb57a6a42c9de":"Mi Home","faee9b3f11258afdf3e3dc44216196c1":"Max 11 items of delivery address","fb85dee77167699087f1d6eec1d2fbb7":"Post code","fb995699a25fbe19d9fdc73592cf5106":"No gift card can be used.","fbd00ec807d604c060b11cf62edb07a8":"Saving: {amount}","fc003c5c0105cd76c192d97a5797fd07":"Buy Together","fc0130ea3505ab838536da739366b989":"Name on card (Optional)","fc16387da4bb091b54c4610ce24e17f5":"Search “Xiaomi Stores”","fc8de34ab11879fb6d9c0fb7d4af0d60":"・What is the requirement for financing?  {signInLink}\n・You'll need your bank details at the ready and you'll be asked to fill out a short but straightforward form. Once you've submitted your form, you'll receive your decision.","fc9d3df613063ee57906c461320744e2":"Note:","fcebe56087b9373f15514831184fa572":"In stock","fcf41259418ea5f44ea23874421d4178":"Mi VIP Club","fd2f820569d83784238e1027897b463e":"Enter your name","fd94c6a26d6b6571e8d9398446227ae8":"unused","fdb0c388de01d545017cdf9ccf00eb72":"Store","fdc3a2ea4f69b078e27555a59c883bee":"Order number: {orderId}","fdf7ff1c7e29c82bd555a1849ae572ae":"Set as default address","feaf1a46048b84a9fa74bc4cf1774bb8":"Forgot apply discount?","fed598cd33d914c28d2aea09104ceba8":"Is the issue related to the device you already purchased?","feec9501de20a9d6d771dc708265ff3a":"3. Mi Points compensation: 100 Mi Points = 1 €","ff0861aec3e382b3ce9da56a04ce12a0":"{n} reviews","ff247e8516bfe8a8f4f2e836d7d5633d":"Does it help?","ff6740c28bbaee762332d117ec093af1":"Manufacturing and Import Info","ff9eb8bd8c927da073cea632f294e23b":"Tomorrow"}